Id,Pred
2017_1112_1116,0.709638953209
2017_1112_1124,0.4731528759
2017_1112_1137,0.861328184605
2017_1112_1139,0.555937945843
2017_1112_1153,0.675395607948
2017_1112_1166,0.746266305447
2017_1112_1173,0.69351798296
2017_1112_1181,0.391628861427
2017_1112_1190,0.859948635101
2017_1112_1195,0.904278576374
2017_1112_1196,0.543154358864
2017_1112_1199,0.496764212847
2017_1112_1211,0.341713875532
2017_1112_1233,0.820801496506
2017_1112_1235,0.643968403339
2017_1112_1240,0.907084703445
2017_1112_1242,0.341832607985
2017_1112_1243,0.75993514061
2017_1112_1245,0.867577910423
2017_1112_1246,0.395611286163
2017_1112_1257,0.386341422796
2017_1112_1266,0.789057374001
2017_1112_1268,0.681428432465
2017_1112_1274,0.799960911274
2017_1112_1276,0.70099657774
2017_1112_1277,0.729019939899
2017_1112_1278,0.627462506294
2017_1112_1291,0.914065063
2017_1112_1292,0.808256268501
2017_1112_1297,0.915982306004
2017_1112_1300,0.923171162605
2017_1112_1305,0.77157741785
2017_1112_1308,0.822136104107
2017_1112_1309,0.899646699429
2017_1112_1314,0.338893353939
2017_1112_1315,0.914913952351
2017_1112_1321,0.786764860153
2017_1112_1323,0.630298376083
2017_1112_1329,0.791570603848
2017_1112_1332,0.479296445847
2017_1112_1343,0.859315633774
2017_1112_1344,0.757086038589
2017_1112_1345,0.570400953293
2017_1112_1348,0.769875347614
2017_1112_1355,0.921689748764
2017_1112_1371,0.753705441952
2017_1112_1374,0.6740680933
2017_1112_1376,0.701539635658
2017_1112_1388,0.707654833794
2017_1112_1407,0.906501412392
2017_1112_1411,0.906556129456
2017_1112_1413,0.921190261841
2017_1112_1417,0.461286783218
2017_1112_1423,0.776714324951
2017_1112_1425,0.794652819633
2017_1112_1433,0.765987217426
2017_1112_1435,0.757068276405
2017_1112_1436,0.876261293888
2017_1112_1437,0.34081274271
2017_1112_1438,0.629354059696
2017_1112_1439,0.731742739677
2017_1112_1448,0.766648471355
2017_1112_1452,0.583640694618
2017_1112_1455,0.747893452644
2017_1112_1457,0.878978967667
2017_1112_1458,0.716533899307
2017_1112_1462,0.814663171768
2017_1116_1124,0.237002372742
2017_1116_1137,0.753719866276
2017_1116_1139,0.254654020071
2017_1116_1153,0.318180412054
2017_1116_1166,0.27422145009
2017_1116_1173,0.34174951911
2017_1116_1181,0.220385700464
2017_1116_1190,0.751578509808
2017_1116_1195,0.823156356812
2017_1116_1196,0.267267405987
2017_1116_1199,0.216032579541
2017_1116_1211,0.207089230418
2017_1116_1233,0.720727324486
2017_1116_1235,0.264251768589
2017_1116_1240,0.827887952328
2017_1116_1242,0.210413604975
2017_1116_1243,0.627056598663
2017_1116_1245,0.766008794308
2017_1116_1246,0.216776162386
2017_1116_1257,0.225265070796
2017_1116_1266,0.569037616253
2017_1116_1268,0.309757202864
2017_1116_1274,0.4440574646
2017_1116_1276,0.336160689592
2017_1116_1277,0.464644998312
2017_1116_1278,0.287768870592
2017_1116_1291,0.839766979218
2017_1116_1292,0.692744672298
2017_1116_1297,0.843057394028
2017_1116_1300,0.855501592159
2017_1116_1305,0.673498272896
2017_1116_1308,0.721248865128
2017_1116_1309,0.816552519798
2017_1116_1314,0.202988564968
2017_1116_1315,0.841222465038
2017_1116_1321,0.42812371254
2017_1116_1323,0.283456981182
2017_1116_1329,0.570011496544
2017_1116_1332,0.231407478452
2017_1116_1343,0.750597596169
2017_1116_1344,0.624617755413
2017_1116_1345,0.240779399872
2017_1116_1348,0.634334146976
2017_1116_1355,0.85292327404
2017_1116_1371,0.483461946249
2017_1116_1374,0.320039182901
2017_1116_1376,0.335343033075
2017_1116_1388,0.326145678759
2017_1116_1407,0.826902389526
2017_1116_1411,0.82699483633
2017_1116_1413,0.852055490017
2017_1116_1417,0.248093798757
2017_1116_1423,0.67992579937
2017_1116_1425,0.640752077103
2017_1116_1433,0.560444533825
2017_1116_1435,0.484652519226
2017_1116_1436,0.777244031429
2017_1116_1437,0.204130634665
2017_1116_1438,0.284889906645
2017_1116_1439,0.46780860424
2017_1116_1448,0.632856488228
2017_1116_1452,0.232957974076
2017_1116_1455,0.548078775406
2017_1116_1457,0.781594395638
2017_1116_1458,0.390871942043
2017_1116_1462,0.652675926685
2017_1124_1137,0.846628189087
2017_1124_1139,0.476124644279
2017_1124_1153,0.625702440739
2017_1124_1166,0.690231025219
2017_1124_1173,0.675774395466
2017_1124_1181,0.337252438068
2017_1124_1190,0.845128715038
2017_1124_1195,0.89356893301
2017_1124_1196,0.463261812925
2017_1124_1199,0.405831545591
2017_1124_1211,0.316063165665
2017_1124_1233,0.804082095623
2017_1124_1235,0.567673146725
2017_1124_1240,0.896653115749
2017_1124_1242,0.32137042284
2017_1124_1243,0.744620859623
2017_1124_1245,0.854448854923
2017_1124_1246,0.331540256739
2017_1124_1257,0.341696053743
2017_1124_1266,0.770205318928
2017_1124_1268,0.63002872467
2017_1124_1274,0.780414044857
2017_1124_1276,0.683286190033
2017_1124_1277,0.71247959137
2017_1124_1278,0.544731140137
2017_1124_1291,0.904334425926
2017_1124_1292,0.790664851665
2017_1124_1297,0.906446635723
2017_1124_1300,0.914375185966
2017_1124_1305,0.75676804781
2017_1124_1308,0.805511593819
2017_1124_1309,0.88924074173
2017_1124_1314,0.309495925903
2017_1124_1315,0.905269563198
2017_1124_1321,0.766305267811
2017_1124_1323,0.54886585474
2017_1124_1329,0.772654771805
2017_1124_1332,0.400561094284
2017_1124_1343,0.844440698624
2017_1124_1344,0.741651773453
2017_1124_1345,0.490806251764
2017_1124_1348,0.753392755985
2017_1124_1355,0.912740170956
2017_1124_1371,0.732764005661
2017_1124_1374,0.624753415585
2017_1124_1376,0.683754980564
2017_1124_1388,0.68904197216
2017_1124_1407,0.896011829376
2017_1124_1411,0.896072030067
2017_1124_1413,0.912189006805
2017_1124_1417,0.383331924677
2017_1124_1423,0.762135326862
2017_1124_1425,0.776159107685
2017_1124_1433,0.745737791061
2017_1124_1435,0.736312627792
2017_1124_1436,0.862892329693
2017_1124_1437,0.311327189207
2017_1124_1438,0.547488391399
2017_1124_1439,0.715303659439
2017_1124_1448,0.751622378826
2017_1124_1452,0.499346405268
2017_1124_1455,0.732081830502
2017_1124_1457,0.865858733654
2017_1124_1458,0.699545562267
2017_1124_1462,0.797208487988
2017_1137_1139,0.164544463158
2017_1137_1153,0.208414301276
2017_1137_1166,0.172591283917
2017_1137_1173,0.226849704981
2017_1137_1181,0.140448331833
2017_1137_1190,0.414394646883
2017_1137_1195,0.570008277893
2017_1137_1196,0.173615708947
2017_1137_1199,0.137609764934
2017_1137_1211,0.131270706654
2017_1137_1233,0.473945200443
2017_1137_1235,0.171502545476
2017_1137_1240,0.637919127941
2017_1137_1242,0.133521944284
2017_1137_1243,0.315535008907
2017_1137_1245,0.497360110283
2017_1137_1246,0.137982338667
2017_1137_1257,0.143793523312
2017_1137_1266,0.26288446784
2017_1137_1268,0.20315143466
2017_1137_1274,0.193123981357
2017_1137_1276,0.219694837928
2017_1137_1277,0.265890151262
2017_1137_1278,0.188784226775
2017_1137_1291,0.711032986641
2017_1137_1292,0.319732636213
2017_1137_1297,0.661472678185
2017_1137_1300,0.733940899372
2017_1137_1305,0.341820776463
2017_1137_1308,0.474539518356
2017_1137_1309,0.678586304188
2017_1137_1314,0.128502070904
2017_1137_1315,0.658569157124
2017_1137_1321,0.206806063652
2017_1137_1323,0.185569092631
2017_1137_1329,0.261910617352
2017_1137_1332,0.14816686511
2017_1137_1343,0.323541015387
2017_1137_1344,0.320305258036
2017_1137_1345,0.154816776514
2017_1137_1348,0.301458358765
2017_1137_1355,0.730133473873
2017_1137_1371,0.247651532292
2017_1137_1374,0.209578827024
2017_1137_1376,0.219177722931
2017_1137_1388,0.213378459215
2017_1137_1407,0.63642334938
2017_1137_1411,0.692990899086
2017_1137_1413,0.728856623173
2017_1137_1417,0.159778431058
2017_1137_1423,0.341362059116
2017_1137_1425,0.289968937635
2017_1137_1433,0.271554201841
2017_1137_1435,0.246528252959
2017_1137_1436,0.439802318811
2017_1137_1437,0.12927223742
2017_1137_1438,0.186636075377
2017_1137_1439,0.262759149075
2017_1137_1448,0.30429688096
2017_1137_1452,0.149382978678
2017_1137_1455,0.284275263548
2017_1137_1457,0.445655286312
2017_1137_1458,0.240661203861
2017_1137_1462,0.28134483099
2017_1139_1153,0.542307496071
2017_1139_1166,0.607530534267
2017_1139_1173,0.625973463058
2017_1139_1181,0.307931065559
2017_1139_1190,0.829052269459
2017_1139_1195,0.881817638874
2017_1139_1196,0.385211825371
2017_1139_1199,0.302804619074
2017_1139_1211,0.288801252842
2017_1139_1233,0.786208868027
2017_1139_1235,0.488026708364
2017_1139_1240,0.885198652744
2017_1139_1242,0.292952626944
2017_1139_1243,0.72867834568
2017_1139_1245,0.839940607548
2017_1139_1246,0.302488803864
2017_1139_1257,0.315271139145
2017_1139_1266,0.749113798141
2017_1139_1268,0.54847240448
2017_1139_1274,0.759531319141
2017_1139_1276,0.631511092186
2017_1139_1277,0.695351600647
2017_1139_1278,0.464842647314
2017_1139_1291,0.893630325794
2017_1139_1292,0.771914958954
2017_1139_1297,0.895951747894
2017_1139_1300,0.90467607975
2017_1139_1305,0.741320431232
2017_1139_1308,0.78773444891
2017_1139_1309,0.87707734108
2017_1139_1314,0.283661425114
2017_1139_1315,0.89465790987
2017_1139_1321,0.744520008564
2017_1139_1323,0.468995630741
2017_1139_1329,0.75126940012
2017_1139_1332,0.32453623414
2017_1139_1343,0.828307390213
2017_1139_1344,0.725592195988
2017_1139_1345,0.40873709321
2017_1139_1348,0.737805068493
2017_1139_1355,0.90287566185
2017_1139_1371,0.712458193302
2017_1139_1374,0.541302025318
2017_1139_1376,0.631914973259
2017_1139_1388,0.636478900909
2017_1139_1407,0.884495437145
2017_1139_1411,0.884561479092
2017_1139_1413,0.902268707752
2017_1139_1417,0.341791093349
2017_1139_1423,0.746914565563
2017_1139_1425,0.756509900093
2017_1139_1433,0.726602613926
2017_1139_1435,0.714452683926
2017_1139_1436,0.848328888416
2017_1139_1437,0.285095006227
2017_1139_1438,0.467610776424
2017_1139_1439,0.698272645473
2017_1139_1448,0.735962092876
2017_1139_1452,0.411301732063
2017_1139_1455,0.715655505657
2017_1139_1457,0.851556241512
2017_1139_1458,0.681990921497
2017_1139_1462,0.777467489243
2017_1153_1166,0.428901970387
2017_1153_1173,0.462669193745
2017_1153_1181,0.260620385408
2017_1153_1190,0.792980670929
2017_1153_1195,0.854931890965
2017_1153_1196,0.316856205463
2017_1153_1199,0.255733281374
2017_1153_1211,0.245661407709
2017_1153_1233,0.75258910656
2017_1153_1235,0.312861293554
2017_1153_1240,0.858959078789
2017_1153_1242,0.24941021204
2017_1153_1243,0.694985330105
2017_1153_1245,0.80562800169
2017_1153_1246,0.256568789482
2017_1153_1257,0.266086637974
2017_1153_1266,0.702232837677
2017_1153_1268,0.390304535627
2017_1153_1274,0.623352050781
2017_1153_1276,0.470776796341
2017_1153_1277,0.627327203751
2017_1153_1278,0.341684162617
2017_1153_1291,0.869032740593
2017_1153_1292,0.730978310108
2017_1153_1297,0.871813893318
2017_1153_1300,0.882296323776
2017_1153_1305,0.708569467068
2017_1153_1308,0.75307148695
2017_1153_1309,0.849297404289
2017_1153_1314,0.241029188037
2017_1153_1315,0.870263457298
2017_1153_1321,0.605471730232
2017_1153_1323,0.33861964941
2017_1153_1329,0.704632401466
2017_1153_1332,0.272949904203
2017_1153_1343,0.79211807251
2017_1153_1344,0.691678166389
2017_1153_1345,0.283383965492
2017_1153_1348,0.704786241055
2017_1153_1355,0.880129158497
2017_1153_1371,0.640085875988
2017_1153_1374,0.382956415415
2017_1153_1376,0.471370697021
2017_1153_1388,0.478106826544
2017_1153_1407,0.858120918274
2017_1153_1411,0.858199477196
2017_1153_1413,0.879399180412
2017_1153_1417,0.291495651007
2017_1153_1423,0.714599192142
2017_1153_1425,0.713833451271
2017_1153_1433,0.691050589085
2017_1153_1435,0.640885233879
2017_1153_1436,0.815419316292
2017_1153_1437,0.242320150137
2017_1153_1438,0.340538144112
2017_1153_1439,0.629489064217
2017_1153_1448,0.702804625034
2017_1153_1452,0.274679332972
2017_1153_1455,0.681053102016
2017_1153_1457,0.819197595119
2017_1153_1458,0.549062609673
2017_1153_1462,0.734003424644
2017_1166_1173,0.462669193745
2017_1166_1181,0.260620385408
2017_1166_1190,0.792980670929
2017_1166_1195,0.854931890965
2017_1166_1196,0.316856205463
2017_1166_1199,0.255733281374
2017_1166_1211,0.245661407709
2017_1166_1233,0.75258910656
2017_1166_1235,0.312861293554
2017_1166_1240,0.858959078789
2017_1166_1242,0.24941021204
2017_1166_1243,0.694985330105
2017_1166_1245,0.80562800169
2017_1166_1246,0.256568789482
2017_1166_1257,0.266086637974
2017_1166_1266,0.702232837677
2017_1166_1268,0.390304535627
2017_1166_1274,0.623352050781
2017_1166_1276,0.470776796341
2017_1166_1277,0.627327203751
2017_1166_1278,0.341684162617
2017_1166_1291,0.869032740593
2017_1166_1292,0.730978310108
2017_1166_1297,0.871813893318
2017_1166_1300,0.882296323776
2017_1166_1305,0.708569467068
2017_1166_1308,0.75307148695
2017_1166_1309,0.849297404289
2017_1166_1314,0.241029188037
2017_1166_1315,0.870263457298
2017_1166_1321,0.605471730232
2017_1166_1323,0.33861964941
2017_1166_1329,0.704632401466
2017_1166_1332,0.272949904203
2017_1166_1343,0.79211807251
2017_1166_1344,0.691678166389
2017_1166_1345,0.283383965492
2017_1166_1348,0.704786241055
2017_1166_1355,0.880129158497
2017_1166_1371,0.640085875988
2017_1166_1374,0.382956415415
2017_1166_1376,0.471370697021
2017_1166_1388,0.478106826544
2017_1166_1407,0.858120918274
2017_1166_1411,0.858199477196
2017_1166_1413,0.879399180412
2017_1166_1417,0.291495651007
2017_1166_1423,0.714599192142
2017_1166_1425,0.713833451271
2017_1166_1433,0.691050589085
2017_1166_1435,0.640885233879
2017_1166_1436,0.815419316292
2017_1166_1437,0.242320150137
2017_1166_1438,0.340538144112
2017_1166_1439,0.629489064217
2017_1166_1448,0.702804625034
2017_1166_1452,0.274679332972
2017_1166_1455,0.681053102016
2017_1166_1457,0.819197595119
2017_1166_1458,0.549062609673
2017_1166_1462,0.734003424644
2017_1173_1181,0.239926338196
2017_1173_1190,0.772945404053
2017_1173_1195,0.839680075645
2017_1173_1196,0.289421707392
2017_1173_1199,0.235303804278
2017_1173_1211,0.225792378187
2017_1173_1233,0.73696833849
2017_1173_1235,0.286253720522
2017_1173_1240,0.844053328037
2017_1173_1242,0.229330152273
2017_1173_1243,0.67728728056
2017_1173_1245,0.786487042904
2017_1173_1246,0.236093655229
2017_1173_1257,0.245102390647
2017_1173_1266,0.645242512226
2017_1173_1268,0.339167237282
2017_1173_1274,0.534829735756
2017_1173_1276,0.392386347055
2017_1173_1277,0.544534146786
2017_1173_1278,0.314743727446
2017_1173_1291,0.855011999607
2017_1173_1292,0.711926817894
2017_1173_1297,0.858042240143
2017_1173_1300,0.869482219219
2017_1173_1305,0.691309511662
2017_1173_1308,0.737470626831
2017_1173_1309,0.833568453789
2017_1173_1314,0.22142483294
2017_1173_1315,0.856352686882
2017_1173_1321,0.516009867191
2017_1173_1323,0.309234827757
2017_1173_1329,0.646786212921
2017_1173_1332,0.25160998106
2017_1173_1343,0.772023320198
2017_1173_1344,0.673878192902
2017_1173_1345,0.261521697044
2017_1173_1348,0.686560094357
2017_1173_1355,0.867114663124
2017_1173_1371,0.563182890415
2017_1173_1374,0.341802924871
2017_1173_1376,0.39295476675
2017_1173_1388,0.399416983128
2017_1173_1407,0.843142807484
2017_1173_1411,0.84322810173
2017_1173_1413,0.866317451
2017_1173_1417,0.269242763519
2017_1173_1423,0.697543859482
2017_1173_1425,0.69397342205
2017_1173_1433,0.638217508793
2017_1173_1435,0.564355254173
2017_1173_1436,0.796999573708
2017_1173_1437,0.222641661763
2017_1173_1438,0.311065196991
2017_1173_1439,0.547685205936
2017_1173_1448,0.684847474098
2017_1173_1452,0.253251284361
2017_1173_1455,0.629758894444
2017_1173_1457,0.801062941551
2017_1173_1458,0.469193428755
2017_1173_1462,0.71034514904
2017_1181_1190,0.859948635101
2017_1181_1195,0.904278576374
2017_1181_1196,0.543154358864
2017_1181_1199,0.496764212847
2017_1181_1211,0.341713875532
2017_1181_1233,0.820801496506
2017_1181_1235,0.643968403339
2017_1181_1240,0.907084703445
2017_1181_1242,0.341832607985
2017_1181_1243,0.75993514061
2017_1181_1245,0.867577910423
2017_1181_1246,0.395611286163
2017_1181_1257,0.386341422796
2017_1181_1266,0.789057374001
2017_1181_1268,0.681428432465
2017_1181_1274,0.799960911274
2017_1181_1276,0.70099657774
2017_1181_1277,0.729019939899
2017_1181_1278,0.627462506294
2017_1181_1291,0.914065063
2017_1181_1292,0.808256268501
2017_1181_1297,0.915982306004
2017_1181_1300,0.923171162605
2017_1181_1305,0.77157741785
2017_1181_1308,0.822136104107
2017_1181_1309,0.899646699429
2017_1181_1314,0.338893353939
2017_1181_1315,0.914913952351
2017_1181_1321,0.786764860153
2017_1181_1323,0.630298376083
2017_1181_1329,0.791570603848
2017_1181_1332,0.479296445847
2017_1181_1343,0.859315633774
2017_1181_1344,0.757086038589
2017_1181_1345,0.570400953293
2017_1181_1348,0.769875347614
2017_1181_1355,0.921689748764
2017_1181_1371,0.753705441952
2017_1181_1374,0.6740680933
2017_1181_1376,0.701539635658
2017_1181_1388,0.707654833794
2017_1181_1407,0.906501412392
2017_1181_1411,0.906556129456
2017_1181_1413,0.921190261841
2017_1181_1417,0.461286783218
2017_1181_1423,0.776714324951
2017_1181_1425,0.794652819633
2017_1181_1433,0.765987217426
2017_1181_1435,0.757068276405
2017_1181_1436,0.876261293888
2017_1181_1437,0.34081274271
2017_1181_1438,0.629354059696
2017_1181_1439,0.731742739677
2017_1181_1448,0.766648471355
2017_1181_1452,0.583640694618
2017_1181_1455,0.747893452644
2017_1181_1457,0.878978967667
2017_1181_1458,0.716533899307
2017_1181_1462,0.814663171768
2017_1190_1195,0.570008277893
2017_1190_1196,0.173615708947
2017_1190_1199,0.137609764934
2017_1190_1211,0.131270706654
2017_1190_1233,0.473945200443
2017_1190_1235,0.171502545476
2017_1190_1240,0.637919127941
2017_1190_1242,0.133521944284
2017_1190_1243,0.315535008907
2017_1190_1245,0.497360110283
2017_1190_1246,0.137982338667
2017_1190_1257,0.143793523312
2017_1190_1266,0.26288446784
2017_1190_1268,0.20315143466
2017_1190_1274,0.193123981357
2017_1190_1276,0.219694837928
2017_1190_1277,0.265890151262
2017_1190_1278,0.188784226775
2017_1190_1291,0.711032986641
2017_1190_1292,0.319732636213
2017_1190_1297,0.661472678185
2017_1190_1300,0.733940899372
2017_1190_1305,0.341820776463
2017_1190_1308,0.474539518356
2017_1190_1309,0.678586304188
2017_1190_1314,0.128502070904
2017_1190_1315,0.658569157124
2017_1190_1321,0.206806063652
2017_1190_1323,0.185569092631
2017_1190_1329,0.261910617352
2017_1190_1332,0.14816686511
2017_1190_1343,0.323541015387
2017_1190_1344,0.320305258036
2017_1190_1345,0.154816776514
2017_1190_1348,0.301458358765
2017_1190_1355,0.730133473873
2017_1190_1371,0.247651532292
2017_1190_1374,0.209578827024
2017_1190_1376,0.219177722931
2017_1190_1388,0.213378459215
2017_1190_1407,0.63642334938
2017_1190_1411,0.692990899086
2017_1190_1413,0.728856623173
2017_1190_1417,0.159778431058
2017_1190_1423,0.341362059116
2017_1190_1425,0.289968937635
2017_1190_1433,0.271554201841
2017_1190_1435,0.246528252959
2017_1190_1436,0.439802318811
2017_1190_1437,0.12927223742
2017_1190_1438,0.186636075377
2017_1190_1439,0.262759149075
2017_1190_1448,0.30429688096
2017_1190_1452,0.149382978678
2017_1190_1455,0.284275263548
2017_1190_1457,0.445655286312
2017_1190_1458,0.240661203861
2017_1190_1462,0.28134483099
2017_1195_1196,0.158467248082
2017_1195_1199,0.125224113464
2017_1195_1211,0.119376681745
2017_1195_1233,0.395421296358
2017_1195_1235,0.156620383263
2017_1195_1240,0.55035084486
2017_1195_1242,0.121452406049
2017_1195_1243,0.288388043642
2017_1195_1245,0.406895428896
2017_1195_1246,0.125568091869
2017_1195_1257,0.130935832858
2017_1195_1266,0.242069482803
2017_1195_1268,0.185873433948
2017_1195_1274,0.176067978144
2017_1195_1276,0.201365381479
2017_1195_1277,0.24491623044
2017_1195_1278,0.172463715076
2017_1195_1291,0.630916535854
2017_1195_1292,0.291629254818
2017_1195_1297,0.575812995434
2017_1195_1300,0.657112717628
2017_1195_1305,0.320837587118
2017_1195_1308,0.395991265774
2017_1195_1309,0.594603002071
2017_1195_1314,0.116825141013
2017_1195_1315,0.572649300098
2017_1195_1321,0.189291074872
2017_1195_1323,0.169468447566
2017_1195_1329,0.241147533059
2017_1195_1332,0.134979724884
2017_1195_1343,0.27621987462
2017_1195_1344,0.292119562626
2017_1195_1345,0.141135841608
2017_1195_1348,0.277365386486
2017_1195_1355,0.652726173401
2017_1195_1371,0.227670133114
2017_1195_1374,0.191885828972
2017_1195_1376,0.200880289078
2017_1195_1388,0.195444017649
2017_1195_1407,0.54874920845
2017_1195_1411,0.610611617565
2017_1195_1413,0.651258170605
2017_1195_1417,0.145734652877
2017_1195_1423,0.311851501465
2017_1195_1425,0.267788529396
2017_1195_1433,0.250285834074
2017_1195_1435,0.226610213518
2017_1195_1436,0.328748762608
2017_1195_1437,0.117534786463
2017_1195_1438,0.170462265611
2017_1195_1439,0.24195086956
2017_1195_1448,0.279589623213
2017_1195_1452,0.136104941368
2017_1195_1455,0.262369453907
2017_1195_1457,0.333188474178
2017_1195_1458,0.221078038216
2017_1195_1462,0.259582966566
2017_1196_1199,0.302804619074
2017_1196_1211,0.288801252842
2017_1196_1233,0.786208868027
2017_1196_1235,0.488026708364
2017_1196_1240,0.885198652744
2017_1196_1242,0.292952626944
2017_1196_1243,0.72867834568
2017_1196_1245,0.839940607548
2017_1196_1246,0.302488803864
2017_1196_1257,0.315271139145
2017_1196_1266,0.749113798141
2017_1196_1268,0.54847240448
2017_1196_1274,0.759531319141
2017_1196_1276,0.631511092186
2017_1196_1277,0.695351600647
2017_1196_1278,0.464842647314
2017_1196_1291,0.893630325794
2017_1196_1292,0.771914958954
2017_1196_1297,0.895951747894
2017_1196_1300,0.90467607975
2017_1196_1305,0.741320431232
2017_1196_1308,0.78773444891
2017_1196_1309,0.87707734108
2017_1196_1314,0.283661425114
2017_1196_1315,0.89465790987
2017_1196_1321,0.744520008564
2017_1196_1323,0.468995630741
2017_1196_1329,0.75126940012
2017_1196_1332,0.32453623414
2017_1196_1343,0.828307390213
2017_1196_1344,0.725592195988
2017_1196_1345,0.40873709321
2017_1196_1348,0.737805068493
2017_1196_1355,0.90287566185
2017_1196_1371,0.712458193302
2017_1196_1374,0.541302025318
2017_1196_1376,0.631914973259
2017_1196_1388,0.636478900909
2017_1196_1407,0.884495437145
2017_1196_1411,0.884561479092
2017_1196_1413,0.902268707752
2017_1196_1417,0.341791093349
2017_1196_1423,0.746914565563
2017_1196_1425,0.756509900093
2017_1196_1433,0.726602613926
2017_1196_1435,0.714452683926
2017_1196_1436,0.848328888416
2017_1196_1437,0.285095006227
2017_1196_1438,0.467610776424
2017_1196_1439,0.698272645473
2017_1196_1448,0.735962092876
2017_1196_1452,0.411301732063
2017_1196_1455,0.715655505657
2017_1196_1457,0.851556241512
2017_1196_1458,0.681990921497
2017_1196_1462,0.777467489243
2017_1199_1211,0.316063165665
2017_1199_1233,0.804082095623
2017_1199_1235,0.567673146725
2017_1199_1240,0.896653115749
2017_1199_1242,0.32137042284
2017_1199_1243,0.744620859623
2017_1199_1245,0.854448854923
2017_1199_1246,0.331540256739
2017_1199_1257,0.341696053743
2017_1199_1266,0.770205318928
2017_1199_1268,0.63002872467
2017_1199_1274,0.780414044857
2017_1199_1276,0.683286190033
2017_1199_1277,0.71247959137
2017_1199_1278,0.544731140137
2017_1199_1291,0.904334425926
2017_1199_1292,0.790664851665
2017_1199_1297,0.906446635723
2017_1199_1300,0.914375185966
2017_1199_1305,0.75676804781
2017_1199_1308,0.805511593819
2017_1199_1309,0.88924074173
2017_1199_1314,0.309495925903
2017_1199_1315,0.905269563198
2017_1199_1321,0.766305267811
2017_1199_1323,0.54886585474
2017_1199_1329,0.772654771805
2017_1199_1332,0.400561094284
2017_1199_1343,0.844440698624
2017_1199_1344,0.741651773453
2017_1199_1345,0.490806251764
2017_1199_1348,0.753392755985
2017_1199_1355,0.912740170956
2017_1199_1371,0.732764005661
2017_1199_1374,0.624753415585
2017_1199_1376,0.683754980564
2017_1199_1388,0.68904197216
2017_1199_1407,0.896011829376
2017_1199_1411,0.896072030067
2017_1199_1413,0.912189006805
2017_1199_1417,0.383331924677
2017_1199_1423,0.762135326862
2017_1199_1425,0.776159107685
2017_1199_1433,0.745737791061
2017_1199_1435,0.736312627792
2017_1199_1436,0.862892329693
2017_1199_1437,0.311327189207
2017_1199_1438,0.547488391399
2017_1199_1439,0.715303659439
2017_1199_1448,0.751622378826
2017_1199_1452,0.499346405268
2017_1199_1455,0.732081830502
2017_1199_1457,0.865858733654
2017_1199_1458,0.699545562267
2017_1199_1462,0.797208487988
2017_1211_1233,0.836384534836
2017_1211_1235,0.69885468483
2017_1211_1240,0.916561245918
2017_1211_1242,0.38201802969
2017_1211_1243,0.774609148502
2017_1211_1245,0.879689455032
2017_1211_1246,0.474143266678
2017_1211_1257,0.464447319508
2017_1211_1266,0.806750833988
2017_1211_1268,0.699000418186
2017_1211_1274,0.818173110485
2017_1211_1276,0.717935979366
2017_1211_1277,0.74494934082
2017_1211_1278,0.677853643894
2017_1211_1291,0.922890126705
2017_1211_1292,0.824697196484
2017_1211_1297,0.924626886845
2017_1211_1300,0.931131660938
2017_1211_1305,0.785740375519
2017_1211_1308,0.837625980377
2017_1211_1309,0.909132361412
2017_1211_1314,0.390493661165
2017_1211_1315,0.923659265041
2017_1211_1321,0.805887043476
2017_1211_1323,0.68180346489
2017_1211_1329,0.809104382992
2017_1211_1332,0.559073984623
2017_1211_1343,0.872982025146
2017_1211_1344,0.771881878376
2017_1211_1345,0.647771000862
2017_1211_1348,0.788747131824
2017_1211_1355,0.929792046547
2017_1211_1371,0.773513019085
2017_1211_1374,0.691862463951
2017_1211_1376,0.71846061945
2017_1211_1388,0.72436529398
2017_1211_1407,0.916032016277
2017_1211_1411,0.916081607342
2017_1211_1413,0.92934024334
2017_1211_1417,0.541589319706
2017_1211_1423,0.790645182133
2017_1211_1425,0.811988830566
2017_1211_1433,0.785088837147
2017_1211_1435,0.776685595512
2017_1211_1436,0.888495147228
2017_1211_1437,0.389170736074
2017_1211_1438,0.680489718914
2017_1211_1439,0.747567415237
2017_1211_1448,0.783133924007
2017_1211_1452,0.668629407883
2017_1211_1455,0.763073980808
2017_1211_1457,0.890977621078
2017_1211_1458,0.732928395271
2017_1211_1462,0.830669820309
2017_1233_1235,0.156620383263
2017_1233_1240,0.55035084486
2017_1233_1242,0.121452406049
2017_1233_1243,0.288388043642
2017_1233_1245,0.406895428896
2017_1233_1246,0.125568091869
2017_1233_1257,0.130935832858
2017_1233_1266,0.242069482803
2017_1233_1268,0.185873433948
2017_1233_1274,0.176067978144
2017_1233_1276,0.201365381479
2017_1233_1277,0.24491623044
2017_1233_1278,0.172463715076
2017_1233_1291,0.630916535854
2017_1233_1292,0.291629254818
2017_1233_1297,0.575812995434
2017_1233_1300,0.657112717628
2017_1233_1305,0.320837587118
2017_1233_1308,0.395991265774
2017_1233_1309,0.594603002071
2017_1233_1314,0.116825141013
2017_1233_1315,0.572649300098
2017_1233_1321,0.189291074872
2017_1233_1323,0.169468447566
2017_1233_1329,0.241147533059
2017_1233_1332,0.134979724884
2017_1233_1343,0.27621987462
2017_1233_1344,0.292119562626
2017_1233_1345,0.141135841608
2017_1233_1348,0.277365386486
2017_1233_1355,0.652726173401
2017_1233_1371,0.227670133114
2017_1233_1374,0.191885828972
2017_1233_1376,0.200880289078
2017_1233_1388,0.195444017649
2017_1233_1407,0.54874920845
2017_1233_1411,0.610611617565
2017_1233_1413,0.651258170605
2017_1233_1417,0.145734652877
2017_1233_1423,0.311851501465
2017_1233_1425,0.267788529396
2017_1233_1433,0.250285834074
2017_1233_1435,0.226610213518
2017_1233_1436,0.328748762608
2017_1233_1437,0.117534786463
2017_1233_1438,0.170462265611
2017_1233_1439,0.24195086956
2017_1233_1448,0.279589623213
2017_1233_1452,0.136104941368
2017_1233_1455,0.262369453907
2017_1233_1457,0.333188474178
2017_1233_1458,0.221078038216
2017_1233_1462,0.259582966566
2017_1235_1240,0.872654974461
2017_1235_1242,0.270630985498
2017_1235_1243,0.712125480175
2017_1235_1245,0.823438227177
2017_1235_1246,0.27817299962
2017_1235_1257,0.288181513548
2017_1235_1266,0.726298332214
2017_1235_1268,0.468599885702
2017_1235_1274,0.704341113567
2017_1235_1276,0.550635874271
2017_1235_1277,0.677664875984
2017_1235_1278,0.386718183756
2017_1235_1291,0.881884992123
2017_1235_1292,0.752012312412
2017_1235_1297,0.884429514408
2017_1235_1300,0.894005775452
2017_1235_1305,0.725247979164
2017_1235_1308,0.76879876852
2017_1235_1309,0.863782763481
2017_1235_1314,0.261785626411
2017_1235_1315,0.883011162281
2017_1235_1321,0.688383460045
2017_1235_1323,0.390682786703
2017_1235_1329,0.728578925133
2017_1235_1332,0.295826911926
2017_1235_1343,0.810875535011
2017_1235_1344,0.708926260471
2017_1235_1345,0.30919495225
2017_1235_1348,0.721596240997
2017_1235_1355,0.892027795315
2017_1235_1371,0.69320577383
2017_1235_1374,0.460891902447
2017_1235_1376,0.551225543022
2017_1235_1388,0.557898461819
2017_1235_1407,0.871886074543
2017_1235_1411,0.871958136559
2017_1235_1413,0.891361236572
2017_1235_1417,0.319507539272
2017_1235_1423,0.731063604355
2017_1235_1425,0.735723376274
2017_1235_1433,0.709973394871
2017_1235_1435,0.694126844406
2017_1235_1436,0.83251875639
2017_1235_1437,0.263149261475
2017_1235_1438,0.389359623194
2017_1235_1439,0.680677592754
2017_1235_1448,0.719682514668
2017_1235_1452,0.301704704762
2017_1235_1455,0.698636591434
2017_1235_1457,0.836017489433
2017_1235_1458,0.630433261395
2017_1235_1462,0.756392002106
2017_1240_1242,0.110334947705
2017_1240_1243,0.26628318429
2017_1240_1245,0.302550584078
2017_1240_1246,0.114122822881
2017_1240_1257,0.119067929685
2017_1240_1266,0.222405359149
2017_1240_1268,0.169751897454
2017_1240_1274,0.168006017804
2017_1240_1276,0.184204176068
2017_1240_1277,0.225089535117
2017_1240_1278,0.157424613833
2017_1240_1291,0.542868196964
2017_1240_1292,0.269370019436
2017_1240_1297,0.485342383385
2017_1240_1300,0.571065187454
2017_1240_1305,0.292535930872
2017_1240_1308,0.330998778343
2017_1240_1309,0.504692673683
2017_1240_1314,0.106080166996
2017_1240_1315,0.482110768557
2017_1240_1321,0.173151776195
2017_1240_1323,0.154714226723
2017_1240_1329,0.221536383033
2017_1240_1332,0.122797131538
2017_1240_1343,0.244933530688
2017_1240_1344,0.269837200642
2017_1240_1345,0.128480136395
2017_1240_1348,0.255801737309
2017_1240_1355,0.566304266453
2017_1240_1371,0.208853393793
2017_1240_1374,0.175355136395
2017_1240_1376,0.183750912547
2017_1240_1388,0.178674548864
2017_1240_1407,0.457940250635
2017_1240_1411,0.521393954754
2017_1240_1413,0.564714550972
2017_1240_1417,0.132730305195
2017_1240_1423,0.285505324602
2017_1240_1425,0.246715173125
2017_1240_1433,0.230156958103
2017_1240_1435,0.207857459784
2017_1240_1436,0.278831273317
2017_1240_1437,0.106732361019
2017_1240_1438,0.155613452196
2017_1240_1439,0.222293496132
2017_1240_1448,0.257914721966
2017_1240_1452,0.123835280538
2017_1240_1455,0.241581872106
2017_1240_1457,0.281052649021
2017_1240_1458,0.202663108706
2017_1240_1462,0.238944575191
2017_1242_1243,0.774609148502
2017_1242_1245,0.879689455032
2017_1242_1246,0.474143266678
2017_1242_1257,0.464447319508
2017_1242_1266,0.806750833988
2017_1242_1268,0.699000418186
2017_1242_1274,0.818173110485
2017_1242_1276,0.717935979366
2017_1242_1277,0.74494934082
2017_1242_1278,0.677853643894
2017_1242_1291,0.922890126705
2017_1242_1292,0.824697196484
2017_1242_1297,0.924626886845
2017_1242_1300,0.931131660938
2017_1242_1305,0.785740375519
2017_1242_1308,0.837625980377
2017_1242_1309,0.909132361412
2017_1242_1314,0.390493661165
2017_1242_1315,0.923659265041
2017_1242_1321,0.805887043476
2017_1242_1323,0.68180346489
2017_1242_1329,0.809104382992
2017_1242_1332,0.559073984623
2017_1242_1343,0.872982025146
2017_1242_1344,0.771881878376
2017_1242_1345,0.647771000862
2017_1242_1348,0.788747131824
2017_1242_1355,0.929792046547
2017_1242_1371,0.773513019085
2017_1242_1374,0.691862463951
2017_1242_1376,0.71846061945
2017_1242_1388,0.72436529398
2017_1242_1407,0.916032016277
2017_1242_1411,0.916081607342
2017_1242_1413,0.92934024334
2017_1242_1417,0.541589319706
2017_1242_1423,0.790645182133
2017_1242_1425,0.811988830566
2017_1242_1433,0.785088837147
2017_1242_1435,0.776685595512
2017_1242_1436,0.888495147228
2017_1242_1437,0.389170736074
2017_1242_1438,0.680489718914
2017_1242_1439,0.747567415237
2017_1242_1448,0.783133924007
2017_1242_1452,0.668629407883
2017_1242_1455,0.763073980808
2017_1242_1457,0.890977621078
2017_1242_1458,0.732928395271
2017_1242_1462,0.830669820309
2017_1243_1245,0.663833737373
2017_1243_1246,0.16589602828
2017_1243_1257,0.17275108397
2017_1243_1266,0.311025172472
2017_1243_1268,0.241213321686
2017_1243_1274,0.248845279217
2017_1243_1276,0.259845525026
2017_1243_1277,0.315007328987
2017_1243_1278,0.224914088845
2017_1243_1291,0.786270201206
2017_1243_1292,0.482866674662
2017_1243_1297,0.790384888649
2017_1243_1300,0.806044757366
2017_1243_1305,0.460299730301
2017_1243_1308,0.634065687656
2017_1243_1309,0.757542848587
2017_1243_1314,0.154842451215
2017_1243_1315,0.788088977337
2017_1243_1321,0.242348849773
2017_1243_1323,0.221251398325
2017_1243_1329,0.309717267752
2017_1243_1332,0.177790179849
2017_1243_1343,0.523546278477
2017_1243_1344,0.382768601179
2017_1243_1345,0.185514748096
2017_1243_1348,0.396371454
2017_1243_1355,0.802787482738
2017_1243_1371,0.29100599885
2017_1243_1374,0.248469427228
2017_1243_1376,0.259265273809
2017_1243_1388,0.252748638391
2017_1243_1407,0.77028542757
2017_1243_1411,0.77039963007
2017_1243_1413,0.801692545414
2017_1243_1417,0.191573917866
2017_1243_1423,0.467017412186
2017_1243_1425,0.405531257391
2017_1243_1433,0.322663664818
2017_1243_1435,0.289761781693
2017_1243_1436,0.619292676449
2017_1243_1437,0.155742272735
2017_1243_1438,0.22246748209
2017_1243_1439,0.310803353786
2017_1243_1448,0.394282221794
2017_1243_1452,0.179123774171
2017_1243_1455,0.339715272188
2017_1243_1457,0.62486988306
2017_1243_1458,0.283252596855
2017_1243_1462,0.407767832279
2017_1245_1246,0.125568091869
2017_1245_1257,0.130935832858
2017_1245_1266,0.242069482803
2017_1245_1268,0.185873433948
2017_1245_1274,0.176067978144
2017_1245_1276,0.201365381479
2017_1245_1277,0.24491623044
2017_1245_1278,0.172463715076
2017_1245_1291,0.630916535854
2017_1245_1292,0.291629254818
2017_1245_1297,0.575812995434
2017_1245_1300,0.657112717628
2017_1245_1305,0.320837587118
2017_1245_1308,0.395991265774
2017_1245_1309,0.594603002071
2017_1245_1314,0.116825141013
2017_1245_1315,0.572649300098
2017_1245_1321,0.189291074872
2017_1245_1323,0.169468447566
2017_1245_1329,0.241147533059
2017_1245_1332,0.134979724884
2017_1245_1343,0.27621987462
2017_1245_1344,0.292119562626
2017_1245_1345,0.141135841608
2017_1245_1348,0.277365386486
2017_1245_1355,0.652726173401
2017_1245_1371,0.227670133114
2017_1245_1374,0.191885828972
2017_1245_1376,0.200880289078
2017_1245_1388,0.195444017649
2017_1245_1407,0.54874920845
2017_1245_1411,0.610611617565
2017_1245_1413,0.651258170605
2017_1245_1417,0.145734652877
2017_1245_1423,0.311851501465
2017_1245_1425,0.267788529396
2017_1245_1433,0.250285834074
2017_1245_1435,0.226610213518
2017_1245_1436,0.328748762608
2017_1245_1437,0.117534786463
2017_1245_1438,0.170462265611
2017_1245_1439,0.24195086956
2017_1245_1448,0.279589623213
2017_1245_1452,0.136104941368
2017_1245_1455,0.262369453907
2017_1245_1457,0.333188474178
2017_1245_1458,0.221078038216
2017_1245_1462,0.259582966566
2017_1246_1257,0.386341422796
2017_1246_1266,0.789057374001
2017_1246_1268,0.681428432465
2017_1246_1274,0.799960911274
2017_1246_1276,0.70099657774
2017_1246_1277,0.729019939899
2017_1246_1278,0.627462506294
2017_1246_1291,0.914065063
2017_1246_1292,0.808256268501
2017_1246_1297,0.915982306004
2017_1246_1300,0.923171162605
2017_1246_1305,0.77157741785
2017_1246_1308,0.822136104107
2017_1246_1309,0.899646699429
2017_1246_1314,0.338893353939
2017_1246_1315,0.914913952351
2017_1246_1321,0.786764860153
2017_1246_1323,0.630298376083
2017_1246_1329,0.791570603848
2017_1246_1332,0.479296445847
2017_1246_1343,0.859315633774
2017_1246_1344,0.757086038589
2017_1246_1345,0.570400953293
2017_1246_1348,0.769875347614
2017_1246_1355,0.921689748764
2017_1246_1371,0.753705441952
2017_1246_1374,0.6740680933
2017_1246_1376,0.701539635658
2017_1246_1388,0.707654833794
2017_1246_1407,0.906501412392
2017_1246_1411,0.906556129456
2017_1246_1413,0.921190261841
2017_1246_1417,0.461286783218
2017_1246_1423,0.776714324951
2017_1246_1425,0.794652819633
2017_1246_1433,0.765987217426
2017_1246_1435,0.757068276405
2017_1246_1436,0.876261293888
2017_1246_1437,0.34081274271
2017_1246_1438,0.629354059696
2017_1246_1439,0.731742739677
2017_1246_1448,0.766648471355
2017_1246_1452,0.583640694618
2017_1246_1455,0.747893452644
2017_1246_1457,0.878978967667
2017_1246_1458,0.716533899307
2017_1246_1462,0.814663171768
2017_1257_1266,0.789057374001
2017_1257_1268,0.681428432465
2017_1257_1274,0.799960911274
2017_1257_1276,0.70099657774
2017_1257_1277,0.729019939899
2017_1257_1278,0.627462506294
2017_1257_1291,0.914065063
2017_1257_1292,0.808256268501
2017_1257_1297,0.915982306004
2017_1257_1300,0.923171162605
2017_1257_1305,0.77157741785
2017_1257_1308,0.822136104107
2017_1257_1309,0.899646699429
2017_1257_1314,0.338893353939
2017_1257_1315,0.914913952351
2017_1257_1321,0.786764860153
2017_1257_1323,0.630298376083
2017_1257_1329,0.791570603848
2017_1257_1332,0.479296445847
2017_1257_1343,0.859315633774
2017_1257_1344,0.757086038589
2017_1257_1345,0.570400953293
2017_1257_1348,0.769875347614
2017_1257_1355,0.921689748764
2017_1257_1371,0.753705441952
2017_1257_1374,0.6740680933
2017_1257_1376,0.701539635658
2017_1257_1388,0.707654833794
2017_1257_1407,0.906501412392
2017_1257_1411,0.906556129456
2017_1257_1413,0.921190261841
2017_1257_1417,0.461286783218
2017_1257_1423,0.776714324951
2017_1257_1425,0.794652819633
2017_1257_1433,0.765987217426
2017_1257_1435,0.757068276405
2017_1257_1436,0.876261293888
2017_1257_1437,0.34081274271
2017_1257_1438,0.629354059696
2017_1257_1439,0.731742739677
2017_1257_1448,0.766648471355
2017_1257_1452,0.583640694618
2017_1257_1455,0.747893452644
2017_1257_1457,0.878978967667
2017_1257_1458,0.716533899307
2017_1257_1462,0.814663171768
2017_1266_1268,0.261980086565
2017_1266_1274,0.280445754528
2017_1266_1276,0.281621009111
2017_1266_1277,0.341690152884
2017_1266_1278,0.244730219245
2017_1266_1291,0.805425643921
2017_1266_1292,0.562596380711
2017_1266_1297,0.809261083603
2017_1266_1300,0.823825180531
2017_1266_1305,0.540870964527
2017_1266_1308,0.686249017715
2017_1266_1309,0.778547883034
2017_1266_1314,0.169610098004
2017_1266_1315,0.807121455669
2017_1266_1321,0.273424625397
2017_1266_1323,0.240845158696
2017_1266_1329,0.408931046724
2017_1266_1332,0.194496273994
2017_1266_1343,0.612660706043
2017_1266_1344,0.460694521666
2017_1266_1345,0.202767714858
2017_1266_1348,0.474935770035
2017_1266_1355,0.82080000639
2017_1266_1371,0.31893569231
2017_1266_1374,0.269638895988
2017_1266_1376,0.281010687351
2017_1266_1388,0.274149775505
2017_1266_1407,0.790491878986
2017_1266_1411,0.790598750114
2017_1266_1413,0.819782674313
2017_1266_1417,0.209245607257
2017_1266_1423,0.546897768974
2017_1266_1425,0.484454005957
2017_1266_1433,0.401897281408
2017_1266_1435,0.317345052958
2017_1266_1436,0.700735509396
2017_1266_1437,0.1706045717
2017_1266_1438,0.242135465145
2017_1266_1439,0.340263783932
2017_1266_1448,0.472756803036
2017_1266_1452,0.195862516761
2017_1266_1455,0.389926463366
2017_1266_1457,0.705686628819
2017_1266_1458,0.30897384882
2017_1266_1462,0.492792069912
2017_1268_1274,0.623352050781
2017_1268_1276,0.470776796341
2017_1268_1277,0.627327203751
2017_1268_1278,0.341684162617
2017_1268_1291,0.869032740593
2017_1268_1292,0.730978310108
2017_1268_1297,0.871813893318
2017_1268_1300,0.882296323776
2017_1268_1305,0.708569467068
2017_1268_1308,0.75307148695
2017_1268_1309,0.849297404289
2017_1268_1314,0.241029188037
2017_1268_1315,0.870263457298
2017_1268_1321,0.605471730232
2017_1268_1323,0.33861964941
2017_1268_1329,0.704632401466
2017_1268_1332,0.272949904203
2017_1268_1343,0.79211807251
2017_1268_1344,0.691678166389
2017_1268_1345,0.283383965492
2017_1268_1348,0.704786241055
2017_1268_1355,0.880129158497
2017_1268_1371,0.640085875988
2017_1268_1374,0.382956415415
2017_1268_1376,0.471370697021
2017_1268_1388,0.478106826544
2017_1268_1407,0.858120918274
2017_1268_1411,0.858199477196
2017_1268_1413,0.879399180412
2017_1268_1417,0.291495651007
2017_1268_1423,0.714599192142
2017_1268_1425,0.713833451271
2017_1268_1433,0.691050589085
2017_1268_1435,0.640885233879
2017_1268_1436,0.815419316292
2017_1268_1437,0.242320150137
2017_1268_1438,0.340538144112
2017_1268_1439,0.629489064217
2017_1268_1448,0.702804625034
2017_1268_1452,0.274679332972
2017_1268_1455,0.681053102016
2017_1268_1457,0.819197595119
2017_1268_1458,0.549062609673
2017_1268_1462,0.734003424644
2017_1274_1276,0.336160689592
2017_1274_1277,0.464644998312
2017_1274_1278,0.287768870592
2017_1274_1291,0.839766979218
2017_1274_1292,0.692744672298
2017_1274_1297,0.843057394028
2017_1274_1300,0.855501592159
2017_1274_1305,0.673498272896
2017_1274_1308,0.721248865128
2017_1274_1309,0.816552519798
2017_1274_1314,0.202988564968
2017_1274_1315,0.841222465038
2017_1274_1321,0.42812371254
2017_1274_1323,0.283456981182
2017_1274_1329,0.570011496544
2017_1274_1332,0.231407478452
2017_1274_1343,0.750597596169
2017_1274_1344,0.624617755413
2017_1274_1345,0.240779399872
2017_1274_1348,0.634334146976
2017_1274_1355,0.85292327404
2017_1274_1371,0.483461946249
2017_1274_1374,0.320039182901
2017_1274_1376,0.335343033075
2017_1274_1388,0.326145678759
2017_1274_1407,0.826902389526
2017_1274_1411,0.82699483633
2017_1274_1413,0.852055490017
2017_1274_1417,0.248093798757
2017_1274_1423,0.67992579937
2017_1274_1425,0.640752077103
2017_1274_1433,0.560444533825
2017_1274_1435,0.484652519226
2017_1274_1436,0.777244031429
2017_1274_1437,0.204130634665
2017_1274_1438,0.284889906645
2017_1274_1439,0.46780860424
2017_1274_1448,0.632856488228
2017_1274_1452,0.232957974076
2017_1274_1455,0.548078775406
2017_1274_1457,0.781594395638
2017_1274_1458,0.390871942043
2017_1274_1462,0.652675926685
2017_1276_1277,0.544534146786
2017_1276_1278,0.314743727446
2017_1276_1291,0.855011999607
2017_1276_1292,0.711926817894
2017_1276_1297,0.858042240143
2017_1276_1300,0.869482219219
2017_1276_1305,0.691309511662
2017_1276_1308,0.737470626831
2017_1276_1309,0.833568453789
2017_1276_1314,0.22142483294
2017_1276_1315,0.856352686882
2017_1276_1321,0.516009867191
2017_1276_1323,0.309234827757
2017_1276_1329,0.646786212921
2017_1276_1332,0.25160998106
2017_1276_1343,0.772023320198
2017_1276_1344,0.673878192902
2017_1276_1345,0.261521697044
2017_1276_1348,0.686560094357
2017_1276_1355,0.867114663124
2017_1276_1371,0.563182890415
2017_1276_1374,0.341802924871
2017_1276_1376,0.39295476675
2017_1276_1388,0.399416983128
2017_1276_1407,0.843142807484
2017_1276_1411,0.84322810173
2017_1276_1413,0.866317451
2017_1276_1417,0.269242763519
2017_1276_1423,0.697543859482
2017_1276_1425,0.69397342205
2017_1276_1433,0.638217508793
2017_1276_1435,0.564355254173
2017_1276_1436,0.796999573708
2017_1276_1437,0.222641661763
2017_1276_1438,0.311065196991
2017_1276_1439,0.547685205936
2017_1276_1448,0.684847474098
2017_1276_1452,0.253251284361
2017_1276_1455,0.629758894444
2017_1276_1457,0.801062941551
2017_1276_1458,0.469193428755
2017_1276_1462,0.71034514904
2017_1277_1278,0.265693753958
2017_1277_1291,0.823250353336
2017_1277_1292,0.639685809612
2017_1277_1297,0.826810061932
2017_1277_1300,0.840298473835
2017_1277_1305,0.624346375465
2017_1277_1308,0.704426527023
2017_1277_1309,0.798217952251
2017_1277_1314,0.185721248388
2017_1277_1315,0.824824571609
2017_1277_1321,0.317981243134
2017_1277_1323,0.261591166258
2017_1277_1329,0.490409195423
2017_1277_1332,0.212366774678
2017_1277_1343,0.694823205471
2017_1277_1344,0.54115831852
2017_1277_1345,0.221189498901
2017_1277_1348,0.554760754108
2017_1277_1355,0.837500452995
2017_1277_1371,0.404573947191
2017_1277_1374,0.291911482811
2017_1277_1376,0.306110948324
2017_1277_1388,0.297356694937
2017_1277_1407,0.809360742569
2017_1277_1411,0.809460401535
2017_1277_1413,0.836558997631
2017_1277_1417,0.228087559342
2017_1277_1423,0.628949046135
2017_1277_1425,0.564159929752
2017_1277_1433,0.480684608221
2017_1277_1435,0.405722796917
2017_1277_1436,0.756153941154
2017_1277_1437,0.186788871884
2017_1277_1438,0.262954175472
2017_1277_1439,0.389548569918
2017_1277_1448,0.552600979805
2017_1277_1452,0.21382522583
2017_1277_1455,0.468204259872
2017_1277_1457,0.760789573193
2017_1277_1458,0.338345974684
2017_1277_1462,0.572346806526
2017_1278_1291,0.881884992123
2017_1278_1292,0.752012312412
2017_1278_1297,0.884429514408
2017_1278_1300,0.894005775452
2017_1278_1305,0.725247979164
2017_1278_1308,0.76879876852
2017_1278_1309,0.863782763481
2017_1278_1314,0.261785626411
2017_1278_1315,0.883011162281
2017_1278_1321,0.688383460045
2017_1278_1323,0.390682786703
2017_1278_1329,0.728578925133
2017_1278_1332,0.295826911926
2017_1278_1343,0.810875535011
2017_1278_1344,0.708926260471
2017_1278_1345,0.30919495225
2017_1278_1348,0.721596240997
2017_1278_1355,0.892027795315
2017_1278_1371,0.69320577383
2017_1278_1374,0.460891902447
2017_1278_1376,0.551225543022
2017_1278_1388,0.557898461819
2017_1278_1407,0.871886074543
2017_1278_1411,0.871958136559
2017_1278_1413,0.891361236572
2017_1278_1417,0.319507539272
2017_1278_1423,0.731063604355
2017_1278_1425,0.735723376274
2017_1278_1433,0.709973394871
2017_1278_1435,0.694126844406
2017_1278_1436,0.83251875639
2017_1278_1437,0.263149261475
2017_1278_1438,0.389359623194
2017_1278_1439,0.680677592754
2017_1278_1448,0.719682514668
2017_1278_1452,0.301704704762
2017_1278_1455,0.698636591434
2017_1278_1457,0.836017489433
2017_1278_1458,0.630433261395
2017_1278_1462,0.756392002106
2017_1291_1292,0.248214453459
2017_1291_1297,0.38674223423
2017_1291_1300,0.480495512486
2017_1291_1305,0.270233869553
2017_1291_1308,0.301973342896
2017_1291_1309,0.420600682497
2017_1291_1314,0.0962157547474
2017_1291_1315,0.382219851017
2017_1291_1321,0.158153817058
2017_1291_1323,0.141040891409
2017_1291_1329,0.203093275428
2017_1291_1332,0.11157220602
2017_1291_1343,0.216132581234
2017_1291_1344,0.248657375574
2017_1291_1345,0.11680495739
2017_1291_1348,0.235368475318
2017_1291_1355,0.475652486086
2017_1291_1371,0.191206783056
2017_1291_1374,0.160041749477
2017_1291_1376,0.167803168297
2017_1291_1388,0.163201823831
2017_1291_1407,0.348995417356
2017_1291_1411,0.430790245533
2017_1291_1413,0.474039018154
2017_1291_1417,0.120722353458
2017_1291_1423,0.2635397017
2017_1291_1425,0.226786628366
2017_1291_1433,0.211190849543
2017_1291_1435,0.190274789929
2017_1291_1436,0.247350201011
2017_1291_1437,0.0968138799071
2017_1291_1438,0.141873925924
2017_1291_1439,0.203803852201
2017_1291_1448,0.237366497517
2017_1291_1452,0.112527668476
2017_1291_1455,0.221945747733
2017_1291_1457,0.249407500029
2017_1291_1458,0.185417026281
2017_1291_1462,0.219460755587
2017_1292_1297,0.737713873386
2017_1292_1300,0.78693407774
2017_1292_1305,0.382393270731
2017_1292_1308,0.554368197918
2017_1292_1309,0.735222935677
2017_1292_1314,0.141159623861
2017_1292_1315,0.735202372074
2017_1292_1321,0.2228910923
2017_1292_1323,0.202825829387
2017_1292_1329,0.283792883158
2017_1292_1332,0.162400469184
2017_1292_1343,0.432906866074
2017_1292_1344,0.341808885336
2017_1292_1345,0.169561982155
2017_1292_1348,0.33045771718
2017_1292_1355,0.783442020416
2017_1292_1371,0.268776297569
2017_1292_1374,0.228442102671
2017_1292_1376,0.238644063473
2017_1292_1388,0.23248308897
2017_1292_1407,0.715882778168
2017_1292_1411,0.748871088028
2017_1292_1413,0.782268822193
2017_1292_1417,0.175064280629
2017_1292_1423,0.388793051243
2017_1292_1425,0.317609876394
2017_1292_1433,0.294047921896
2017_1292_1435,0.267591267824
2017_1292_1436,0.530534803867
2017_1292_1437,0.141993299127
2017_1292_1438,0.20396719873
2017_1292_1439,0.284684956074
2017_1292_1448,0.333438903093
2017_1292_1452,0.163710951805
2017_1292_1455,0.310280054808
2017_1292_1457,0.536438941956
2017_1292_1458,0.261396825314
2017_1292_1462,0.306590586901
2017_1297_1300,0.571065187454
2017_1297_1305,0.292535930872
2017_1297_1308,0.330998778343
2017_1297_1309,0.504692673683
2017_1297_1314,0.106080166996
2017_1297_1315,0.482110768557
2017_1297_1321,0.173151776195
2017_1297_1323,0.154714226723
2017_1297_1329,0.221536383033
2017_1297_1332,0.122797131538
2017_1297_1343,0.244933530688
2017_1297_1344,0.269837200642
2017_1297_1345,0.128480136395
2017_1297_1348,0.255801737309
2017_1297_1355,0.566304266453
2017_1297_1371,0.208853393793
2017_1297_1374,0.175355136395
2017_1297_1376,0.183750912547
2017_1297_1388,0.178674548864
2017_1297_1407,0.457940250635
2017_1297_1411,0.521393954754
2017_1297_1413,0.564714550972
2017_1297_1417,0.132730305195
2017_1297_1423,0.285505324602
2017_1297_1425,0.246715173125
2017_1297_1433,0.230156958103
2017_1297_1435,0.207857459784
2017_1297_1436,0.278831273317
2017_1297_1437,0.106732361019
2017_1297_1438,0.155613452196
2017_1297_1439,0.222293496132
2017_1297_1448,0.257914721966
2017_1297_1452,0.123835280538
2017_1297_1455,0.241581872106
2017_1297_1457,0.281052649021
2017_1297_1458,0.202663108706
2017_1297_1462,0.238944575191
2017_1300_1305,0.270233869553
2017_1300_1308,0.301973342896
2017_1300_1309,0.420600682497
2017_1300_1314,0.0962157547474
2017_1300_1315,0.382219851017
2017_1300_1321,0.158153817058
2017_1300_1323,0.141040891409
2017_1300_1329,0.203093275428
2017_1300_1332,0.11157220602
2017_1300_1343,0.216132581234
2017_1300_1344,0.248657375574
2017_1300_1345,0.11680495739
2017_1300_1348,0.235368475318
2017_1300_1355,0.475652486086
2017_1300_1371,0.191206783056
2017_1300_1374,0.160041749477
2017_1300_1376,0.167803168297
2017_1300_1388,0.163201823831
2017_1300_1407,0.348995417356
2017_1300_1411,0.430790245533
2017_1300_1413,0.474039018154
2017_1300_1417,0.120722353458
2017_1300_1423,0.2635397017
2017_1300_1425,0.226786628366
2017_1300_1433,0.211190849543
2017_1300_1435,0.190274789929
2017_1300_1436,0.247350201011
2017_1300_1437,0.0968138799071
2017_1300_1438,0.141873925924
2017_1300_1439,0.203803852201
2017_1300_1448,0.237366497517
2017_1300_1452,0.112527668476
2017_1300_1455,0.221945747733
2017_1300_1457,0.249407500029
2017_1300_1458,0.185417026281
2017_1300_1462,0.219460755587
2017_1305_1308,0.554368197918
2017_1305_1309,0.735222935677
2017_1305_1314,0.141159623861
2017_1305_1315,0.735202372074
2017_1305_1321,0.2228910923
2017_1305_1323,0.202825829387
2017_1305_1329,0.283792883158
2017_1305_1332,0.162400469184
2017_1305_1343,0.432906866074
2017_1305_1344,0.341808885336
2017_1305_1345,0.169561982155
2017_1305_1348,0.33045771718
2017_1305_1355,0.783442020416
2017_1305_1371,0.268776297569
2017_1305_1374,0.228442102671
2017_1305_1376,0.238644063473
2017_1305_1388,0.23248308897
2017_1305_1407,0.715882778168
2017_1305_1411,0.748871088028
2017_1305_1413,0.782268822193
2017_1305_1417,0.175064280629
2017_1305_1423,0.388793051243
2017_1305_1425,0.317609876394
2017_1305_1433,0.294047921896
2017_1305_1435,0.267591267824
2017_1305_1436,0.530534803867
2017_1305_1437,0.141993299127
2017_1305_1438,0.20396719873
2017_1305_1439,0.284684956074
2017_1305_1448,0.333438903093
2017_1305_1452,0.163710951805
2017_1305_1455,0.310280054808
2017_1305_1457,0.536438941956
2017_1305_1458,0.261396825314
2017_1305_1462,0.306590586901
2017_1308_1309,0.594603002071
2017_1308_1314,0.116825141013
2017_1308_1315,0.572649300098
2017_1308_1321,0.189291074872
2017_1308_1323,0.169468447566
2017_1308_1329,0.241147533059
2017_1308_1332,0.134979724884
2017_1308_1343,0.27621987462
2017_1308_1344,0.292119562626
2017_1308_1345,0.141135841608
2017_1308_1348,0.277365386486
2017_1308_1355,0.652726173401
2017_1308_1371,0.227670133114
2017_1308_1374,0.191885828972
2017_1308_1376,0.200880289078
2017_1308_1388,0.195444017649
2017_1308_1407,0.54874920845
2017_1308_1411,0.610611617565
2017_1308_1413,0.651258170605
2017_1308_1417,0.145734652877
2017_1308_1423,0.311851501465
2017_1308_1425,0.267788529396
2017_1308_1433,0.250285834074
2017_1308_1435,0.226610213518
2017_1308_1436,0.328748762608
2017_1308_1437,0.117534786463
2017_1308_1438,0.170462265611
2017_1308_1439,0.24195086956
2017_1308_1448,0.279589623213
2017_1308_1452,0.136104941368
2017_1308_1455,0.262369453907
2017_1308_1457,0.333188474178
2017_1308_1458,0.221078038216
2017_1308_1462,0.259582966566
2017_1309_1314,0.0962157547474
2017_1309_1315,0.382219851017
2017_1309_1321,0.158153817058
2017_1309_1323,0.141040891409
2017_1309_1329,0.203093275428
2017_1309_1332,0.11157220602
2017_1309_1343,0.216132581234
2017_1309_1344,0.248657375574
2017_1309_1345,0.11680495739
2017_1309_1348,0.235368475318
2017_1309_1355,0.475652486086
2017_1309_1371,0.191206783056
2017_1309_1374,0.160041749477
2017_1309_1376,0.167803168297
2017_1309_1388,0.163201823831
2017_1309_1407,0.348995417356
2017_1309_1411,0.430790245533
2017_1309_1413,0.474039018154
2017_1309_1417,0.120722353458
2017_1309_1423,0.2635397017
2017_1309_1425,0.226786628366
2017_1309_1433,0.211190849543
2017_1309_1435,0.190274789929
2017_1309_1436,0.247350201011
2017_1309_1437,0.0968138799071
2017_1309_1438,0.141873925924
2017_1309_1439,0.203803852201
2017_1309_1448,0.237366497517
2017_1309_1452,0.112527668476
2017_1309_1455,0.221945747733
2017_1309_1457,0.249407500029
2017_1309_1458,0.185417026281
2017_1309_1462,0.219460755587
2017_1314_1315,0.923659265041
2017_1314_1321,0.805887043476
2017_1314_1323,0.68180346489
2017_1314_1329,0.809104382992
2017_1314_1332,0.559073984623
2017_1314_1343,0.872982025146
2017_1314_1344,0.771881878376
2017_1314_1345,0.647771000862
2017_1314_1348,0.788747131824
2017_1314_1355,0.929792046547
2017_1314_1371,0.773513019085
2017_1314_1374,0.691862463951
2017_1314_1376,0.71846061945
2017_1314_1388,0.72436529398
2017_1314_1407,0.916032016277
2017_1314_1411,0.916081607342
2017_1314_1413,0.92934024334
2017_1314_1417,0.541589319706
2017_1314_1423,0.790645182133
2017_1314_1425,0.811988830566
2017_1314_1433,0.785088837147
2017_1314_1435,0.776685595512
2017_1314_1436,0.888495147228
2017_1314_1437,0.389170736074
2017_1314_1438,0.680489718914
2017_1314_1439,0.747567415237
2017_1314_1448,0.783133924007
2017_1314_1452,0.668629407883
2017_1314_1455,0.763073980808
2017_1314_1457,0.890977621078
2017_1314_1458,0.732928395271
2017_1314_1462,0.830669820309
2017_1315_1321,0.173151776195
2017_1315_1323,0.154714226723
2017_1315_1329,0.221536383033
2017_1315_1332,0.122797131538
2017_1315_1343,0.244933530688
2017_1315_1344,0.269837200642
2017_1315_1345,0.128480136395
2017_1315_1348,0.255801737309
2017_1315_1355,0.566304266453
2017_1315_1371,0.208853393793
2017_1315_1374,0.175355136395
2017_1315_1376,0.183750912547
2017_1315_1388,0.178674548864
2017_1315_1407,0.457940250635
2017_1315_1411,0.521393954754
2017_1315_1413,0.564714550972
2017_1315_1417,0.132730305195
2017_1315_1423,0.285505324602
2017_1315_1425,0.246715173125
2017_1315_1433,0.230156958103
2017_1315_1435,0.207857459784
2017_1315_1436,0.278831273317
2017_1315_1437,0.106732361019
2017_1315_1438,0.155613452196
2017_1315_1439,0.222293496132
2017_1315_1448,0.257914721966
2017_1315_1452,0.123835280538
2017_1315_1455,0.241581872106
2017_1315_1457,0.281052649021
2017_1315_1458,0.202663108706
2017_1315_1462,0.238944575191
2017_1321_1323,0.283456981182
2017_1321_1329,0.570011496544
2017_1321_1332,0.231407478452
2017_1321_1343,0.750597596169
2017_1321_1344,0.624617755413
2017_1321_1345,0.240779399872
2017_1321_1348,0.634334146976
2017_1321_1355,0.85292327404
2017_1321_1371,0.483461946249
2017_1321_1374,0.320039182901
2017_1321_1376,0.335343033075
2017_1321_1388,0.326145678759
2017_1321_1407,0.826902389526
2017_1321_1411,0.82699483633
2017_1321_1413,0.852055490017
2017_1321_1417,0.248093798757
2017_1321_1423,0.67992579937
2017_1321_1425,0.640752077103
2017_1321_1433,0.560444533825
2017_1321_1435,0.484652519226
2017_1321_1436,0.777244031429
2017_1321_1437,0.204130634665
2017_1321_1438,0.284889906645
2017_1321_1439,0.46780860424
2017_1321_1448,0.632856488228
2017_1321_1452,0.232957974076
2017_1321_1455,0.548078775406
2017_1321_1457,0.781594395638
2017_1321_1458,0.390871942043
2017_1321_1462,0.652675926685
2017_1323_1329,0.728578925133
2017_1323_1332,0.295826911926
2017_1323_1343,0.810875535011
2017_1323_1344,0.708926260471
2017_1323_1345,0.30919495225
2017_1323_1348,0.721596240997
2017_1323_1355,0.892027795315
2017_1323_1371,0.69320577383
2017_1323_1374,0.460891902447
2017_1323_1376,0.551225543022
2017_1323_1388,0.557898461819
2017_1323_1407,0.871886074543
2017_1323_1411,0.871958136559
2017_1323_1413,0.891361236572
2017_1323_1417,0.319507539272
2017_1323_1423,0.731063604355
2017_1323_1425,0.735723376274
2017_1323_1433,0.709973394871
2017_1323_1435,0.694126844406
2017_1323_1436,0.83251875639
2017_1323_1437,0.263149261475
2017_1323_1438,0.389359623194
2017_1323_1439,0.680677592754
2017_1323_1448,0.719682514668
2017_1323_1452,0.301704704762
2017_1323_1455,0.698636591434
2017_1323_1457,0.836017489433
2017_1323_1458,0.630433261395
2017_1323_1462,0.756392002106
2017_1329_1332,0.194496273994
2017_1329_1343,0.612660706043
2017_1329_1344,0.460694521666
2017_1329_1345,0.202767714858
2017_1329_1348,0.474935770035
2017_1329_1355,0.82080000639
2017_1329_1371,0.31893569231
2017_1329_1374,0.269638895988
2017_1329_1376,0.281010687351
2017_1329_1388,0.274149775505
2017_1329_1407,0.790491878986
2017_1329_1411,0.790598750114
2017_1329_1413,0.819782674313
2017_1329_1417,0.209245607257
2017_1329_1423,0.546897768974
2017_1329_1425,0.484454005957
2017_1329_1433,0.401897281408
2017_1329_1435,0.317345052958
2017_1329_1436,0.700735509396
2017_1329_1437,0.1706045717
2017_1329_1438,0.242135465145
2017_1329_1439,0.340263783932
2017_1329_1448,0.472756803036
2017_1329_1452,0.195862516761
2017_1329_1455,0.389926463366
2017_1329_1457,0.705686628819
2017_1329_1458,0.30897384882
2017_1329_1462,0.492792069912
2017_1332_1343,0.844440698624
2017_1332_1344,0.741651773453
2017_1332_1345,0.490806251764
2017_1332_1348,0.753392755985
2017_1332_1355,0.912740170956
2017_1332_1371,0.732764005661
2017_1332_1374,0.624753415585
2017_1332_1376,0.683754980564
2017_1332_1388,0.68904197216
2017_1332_1407,0.896011829376
2017_1332_1411,0.896072030067
2017_1332_1413,0.912189006805
2017_1332_1417,0.383331924677
2017_1332_1423,0.762135326862
2017_1332_1425,0.776159107685
2017_1332_1433,0.745737791061
2017_1332_1435,0.736312627792
2017_1332_1436,0.862892329693
2017_1332_1437,0.311327189207
2017_1332_1438,0.547488391399
2017_1332_1439,0.715303659439
2017_1332_1448,0.751622378826
2017_1332_1452,0.499346405268
2017_1332_1455,0.732081830502
2017_1332_1457,0.865858733654
2017_1332_1458,0.699545562267
2017_1332_1462,0.797208487988
2017_1343_1344,0.341808885336
2017_1343_1345,0.169561982155
2017_1343_1348,0.33045771718
2017_1343_1355,0.783442020416
2017_1343_1371,0.268776297569
2017_1343_1374,0.228442102671
2017_1343_1376,0.238644063473
2017_1343_1388,0.23248308897
2017_1343_1407,0.715882778168
2017_1343_1411,0.748871088028
2017_1343_1413,0.782268822193
2017_1343_1417,0.175064280629
2017_1343_1423,0.388793051243
2017_1343_1425,0.317609876394
2017_1343_1433,0.294047921896
2017_1343_1435,0.267591267824
2017_1343_1436,0.530534803867
2017_1343_1437,0.141993299127
2017_1343_1438,0.20396719873
2017_1343_1439,0.284684956074
2017_1343_1448,0.333438903093
2017_1343_1452,0.163710951805
2017_1343_1455,0.310280054808
2017_1343_1457,0.536438941956
2017_1343_1458,0.261396825314
2017_1343_1462,0.306590586901
2017_1344_1345,0.185514748096
2017_1344_1348,0.396371454
2017_1344_1355,0.802787482738
2017_1344_1371,0.29100599885
2017_1344_1374,0.248469427228
2017_1344_1376,0.259265273809
2017_1344_1388,0.252748638391
2017_1344_1407,0.77028542757
2017_1344_1411,0.77039963007
2017_1344_1413,0.801692545414
2017_1344_1417,0.191573917866
2017_1344_1423,0.467017412186
2017_1344_1425,0.405531257391
2017_1344_1433,0.322663664818
2017_1344_1435,0.289761781693
2017_1344_1436,0.619292676449
2017_1344_1437,0.155742272735
2017_1344_1438,0.22246748209
2017_1344_1439,0.310803353786
2017_1344_1448,0.394282221794
2017_1344_1452,0.179123774171
2017_1344_1455,0.339715272188
2017_1344_1457,0.62486988306
2017_1344_1458,0.283252596855
2017_1344_1462,0.407767832279
2017_1345_1348,0.737805068493
2017_1345_1355,0.90287566185
2017_1345_1371,0.712458193302
2017_1345_1374,0.541302025318
2017_1345_1376,0.631914973259
2017_1345_1388,0.636478900909
2017_1345_1407,0.884495437145
2017_1345_1411,0.884561479092
2017_1345_1413,0.902268707752
2017_1345_1417,0.341791093349
2017_1345_1423,0.746914565563
2017_1345_1425,0.756509900093
2017_1345_1433,0.726602613926
2017_1345_1435,0.714452683926
2017_1345_1436,0.848328888416
2017_1345_1437,0.285095006227
2017_1345_1438,0.467610776424
2017_1345_1439,0.698272645473
2017_1345_1448,0.735962092876
2017_1345_1452,0.411301732063
2017_1345_1455,0.715655505657
2017_1345_1457,0.851556241512
2017_1345_1458,0.681990921497
2017_1345_1462,0.777467489243
2017_1348_1355,0.802787482738
2017_1348_1371,0.29100599885
2017_1348_1374,0.248469427228
2017_1348_1376,0.259265273809
2017_1348_1388,0.252748638391
2017_1348_1407,0.77028542757
2017_1348_1411,0.77039963007
2017_1348_1413,0.801692545414
2017_1348_1417,0.191573917866
2017_1348_1423,0.467017412186
2017_1348_1425,0.405531257391
2017_1348_1433,0.322663664818
2017_1348_1435,0.289761781693
2017_1348_1436,0.619292676449
2017_1348_1437,0.155742272735
2017_1348_1438,0.22246748209
2017_1348_1439,0.310803353786
2017_1348_1448,0.394282221794
2017_1348_1452,0.179123774171
2017_1348_1455,0.339715272188
2017_1348_1457,0.62486988306
2017_1348_1458,0.283252596855
2017_1348_1462,0.407767832279
2017_1355_1371,0.191206783056
2017_1355_1374,0.160041749477
2017_1355_1376,0.167803168297
2017_1355_1388,0.163201823831
2017_1355_1407,0.348995417356
2017_1355_1411,0.430790245533
2017_1355_1413,0.474039018154
2017_1355_1417,0.120722353458
2017_1355_1423,0.2635397017
2017_1355_1425,0.226786628366
2017_1355_1433,0.211190849543
2017_1355_1435,0.190274789929
2017_1355_1436,0.247350201011
2017_1355_1437,0.0968138799071
2017_1355_1438,0.141873925924
2017_1355_1439,0.203803852201
2017_1355_1448,0.237366497517
2017_1355_1452,0.112527668476
2017_1355_1455,0.221945747733
2017_1355_1457,0.249407500029
2017_1355_1458,0.185417026281
2017_1355_1462,0.219460755587
2017_1371_1374,0.291911482811
2017_1371_1376,0.306110948324
2017_1371_1388,0.297356694937
2017_1371_1407,0.809360742569
2017_1371_1411,0.809460401535
2017_1371_1413,0.836558997631
2017_1371_1417,0.228087559342
2017_1371_1423,0.628949046135
2017_1371_1425,0.564159929752
2017_1371_1433,0.480684608221
2017_1371_1435,0.405722796917
2017_1371_1436,0.756153941154
2017_1371_1437,0.186788871884
2017_1371_1438,0.262954175472
2017_1371_1439,0.389548569918
2017_1371_1448,0.552600979805
2017_1371_1452,0.21382522583
2017_1371_1455,0.468204259872
2017_1371_1457,0.760789573193
2017_1371_1458,0.338345974684
2017_1371_1462,0.572346806526
2017_1374_1376,0.471370697021
2017_1374_1388,0.478106826544
2017_1374_1407,0.858120918274
2017_1374_1411,0.858199477196
2017_1374_1413,0.879399180412
2017_1374_1417,0.291495651007
2017_1374_1423,0.714599192142
2017_1374_1425,0.713833451271
2017_1374_1433,0.691050589085
2017_1374_1435,0.640885233879
2017_1374_1436,0.815419316292
2017_1374_1437,0.242320150137
2017_1374_1438,0.340538144112
2017_1374_1439,0.629489064217
2017_1374_1448,0.702804625034
2017_1374_1452,0.274679332972
2017_1374_1455,0.681053102016
2017_1374_1457,0.819197595119
2017_1374_1458,0.549062609673
2017_1374_1462,0.734003424644
2017_1376_1388,0.399416983128
2017_1376_1407,0.843142807484
2017_1376_1411,0.84322810173
2017_1376_1413,0.866317451
2017_1376_1417,0.269242763519
2017_1376_1423,0.697543859482
2017_1376_1425,0.69397342205
2017_1376_1433,0.638217508793
2017_1376_1435,0.564355254173
2017_1376_1436,0.796999573708
2017_1376_1437,0.222641661763
2017_1376_1438,0.311065196991
2017_1376_1439,0.547685205936
2017_1376_1448,0.684847474098
2017_1376_1452,0.253251284361
2017_1376_1455,0.629758894444
2017_1376_1457,0.801062941551
2017_1376_1458,0.469193428755
2017_1376_1462,0.71034514904
2017_1388_1407,0.843142807484
2017_1388_1411,0.84322810173
2017_1388_1413,0.866317451
2017_1388_1417,0.269242763519
2017_1388_1423,0.697543859482
2017_1388_1425,0.69397342205
2017_1388_1433,0.638217508793
2017_1388_1435,0.564355254173
2017_1388_1436,0.796999573708
2017_1388_1437,0.222641661763
2017_1388_1438,0.311065196991
2017_1388_1439,0.547685205936
2017_1388_1448,0.684847474098
2017_1388_1452,0.253251284361
2017_1388_1455,0.629758894444
2017_1388_1457,0.801062941551
2017_1388_1458,0.469193428755
2017_1388_1462,0.71034514904
2017_1407_1411,0.521393954754
2017_1407_1413,0.564714550972
2017_1407_1417,0.132730305195
2017_1407_1423,0.285505324602
2017_1407_1425,0.246715173125
2017_1407_1433,0.230156958103
2017_1407_1435,0.207857459784
2017_1407_1436,0.278831273317
2017_1407_1437,0.106732361019
2017_1407_1438,0.155613452196
2017_1407_1439,0.222293496132
2017_1407_1448,0.257914721966
2017_1407_1452,0.123835280538
2017_1407_1455,0.241581872106
2017_1407_1457,0.281052649021
2017_1407_1458,0.202663108706
2017_1407_1462,0.238944575191
2017_1411_1413,0.474039018154
2017_1411_1417,0.120722353458
2017_1411_1423,0.2635397017
2017_1411_1425,0.226786628366
2017_1411_1433,0.211190849543
2017_1411_1435,0.190274789929
2017_1411_1436,0.247350201011
2017_1411_1437,0.0968138799071
2017_1411_1438,0.141873925924
2017_1411_1439,0.203803852201
2017_1411_1448,0.237366497517
2017_1411_1452,0.112527668476
2017_1411_1455,0.221945747733
2017_1411_1457,0.249407500029
2017_1411_1458,0.185417026281
2017_1411_1462,0.219460755587
2017_1413_1417,0.120722353458
2017_1413_1423,0.2635397017
2017_1413_1425,0.226786628366
2017_1413_1433,0.211190849543
2017_1413_1435,0.190274789929
2017_1413_1436,0.247350201011
2017_1413_1437,0.0968138799071
2017_1413_1438,0.141873925924
2017_1413_1439,0.203803852201
2017_1413_1448,0.237366497517
2017_1413_1452,0.112527668476
2017_1413_1455,0.221945747733
2017_1413_1457,0.249407500029
2017_1413_1458,0.185417026281
2017_1413_1462,0.219460755587
2017_1417_1423,0.762135326862
2017_1417_1425,0.776159107685
2017_1417_1433,0.745737791061
2017_1417_1435,0.736312627792
2017_1417_1436,0.862892329693
2017_1417_1437,0.311327189207
2017_1417_1438,0.547488391399
2017_1417_1439,0.715303659439
2017_1417_1448,0.751622378826
2017_1417_1452,0.499346405268
2017_1417_1455,0.732081830502
2017_1417_1457,0.865858733654
2017_1417_1458,0.699545562267
2017_1417_1462,0.797208487988
2017_1423_1425,0.317609876394
2017_1423_1433,0.294047921896
2017_1423_1435,0.267591267824
2017_1423_1436,0.530534803867
2017_1423_1437,0.141993299127
2017_1423_1438,0.20396719873
2017_1423_1439,0.284684956074
2017_1423_1448,0.333438903093
2017_1423_1452,0.163710951805
2017_1423_1455,0.310280054808
2017_1423_1457,0.536438941956
2017_1423_1458,0.261396825314
2017_1423_1462,0.306590586901
2017_1425_1433,0.322663664818
2017_1425_1435,0.289761781693
2017_1425_1436,0.619292676449
2017_1425_1437,0.155742272735
2017_1425_1438,0.22246748209
2017_1425_1439,0.310803353786
2017_1425_1448,0.394282221794
2017_1425_1452,0.179123774171
2017_1425_1455,0.339715272188
2017_1425_1457,0.62486988306
2017_1425_1458,0.283252596855
2017_1425_1462,0.407767832279
2017_1433_1435,0.317345052958
2017_1433_1436,0.700735509396
2017_1433_1437,0.1706045717
2017_1433_1438,0.242135465145
2017_1433_1439,0.340263783932
2017_1433_1448,0.472756803036
2017_1433_1452,0.195862516761
2017_1433_1455,0.389926463366
2017_1433_1457,0.705686628819
2017_1433_1458,0.30897384882
2017_1433_1462,0.492792069912
2017_1435_1436,0.756153941154
2017_1435_1437,0.186788871884
2017_1435_1438,0.262954175472
2017_1435_1439,0.389548569918
2017_1435_1448,0.552600979805
2017_1435_1452,0.21382522583
2017_1435_1455,0.468204259872
2017_1435_1457,0.760789573193
2017_1435_1458,0.338345974684
2017_1435_1462,0.572346806526
2017_1436_1437,0.12927223742
2017_1436_1438,0.186636075377
2017_1436_1439,0.262759149075
2017_1436_1448,0.30429688096
2017_1436_1452,0.149382978678
2017_1436_1455,0.284275263548
2017_1436_1457,0.445655286312
2017_1436_1458,0.240661203861
2017_1436_1462,0.28134483099
2017_1437_1438,0.680489718914
2017_1437_1439,0.747567415237
2017_1437_1448,0.783133924007
2017_1437_1452,0.668629407883
2017_1437_1455,0.763073980808
2017_1437_1457,0.890977621078
2017_1437_1458,0.732928395271
2017_1437_1462,0.830669820309
2017_1438_1439,0.680677592754
2017_1438_1448,0.719682514668
2017_1438_1452,0.301704704762
2017_1438_1455,0.698636591434
2017_1438_1457,0.836017489433
2017_1438_1458,0.630433261395
2017_1438_1462,0.756392002106
2017_1439_1448,0.552600979805
2017_1439_1452,0.21382522583
2017_1439_1455,0.468204259872
2017_1439_1457,0.760789573193
2017_1439_1458,0.338345974684
2017_1439_1462,0.572346806526
2017_1448_1452,0.179123774171
2017_1448_1455,0.339715272188
2017_1448_1457,0.62486988306
2017_1448_1458,0.283252596855
2017_1448_1462,0.407767832279
2017_1452_1455,0.715655505657
2017_1452_1457,0.851556241512
2017_1452_1458,0.681990921497
2017_1452_1462,0.777467489243
2017_1455_1457,0.705686628819
2017_1455_1458,0.30897384882
2017_1455_1462,0.492792069912
2017_1457_1458,0.240661203861
2017_1457_1462,0.28134483099
2017_1458_1462,0.652675926685
